Hospital_name,order
E11BB,1
M68HD,2
B714HJ,3
DN25LT,4
DH15TW,5
KT160PZ,6
BS105NB,7
PE39GZ,8
EX25DW,9
NR47UY,10
DA28DA,11
NG72UH,12
LS13EX,13
LU40DZ,14
BN112DH,15
CO45JL,16
L97AL,17
PR29HT,18
TR13LQ,19
HU32JZ,20
ST46QG,21
CV22DX,22
BH77DW,23
GL13NN,24
CA27HY,25
CT13NG,26
NE14LP,27
TS43BW,28
HA13UJ,29
PL68DH,30
BA214AT,31
OX39DU,32
S102JF,33
BN212UD,34
CB20QQ,35
SS165NL,36
TF16TF,37
LN25QY,38
PO63LY,39
NN15BD,40
SW170QT,41
EX314JB,42
RG15AN,43
LE15WW,44
YO318HE,45
PO305TG,46
SN36BB,47
SK27JE,48
HR12ER,49
CH495PE,50
DE223NE,51
LA144LF,52
BD96RJ,53
PE304ET,54
BS234TQ,55
NG174JL,56
RM70AG,57
NR316LA,58
TQ27AA,59
SG14AB,60
WR51DD,61
BL97TD,62
BA13NG,63
ME169QQ,64
IP45PD,65
RH15RH,66
GU167UJ,67
NW12BU,68
TA15DA,69
HP112TT,70
BB23HH,71
DT12JY,72
B152TH,73
WF14DG,74
CW14QJ,75
DN157BH,76
SR47TP,77
DY12HQ,78
IP332QZ,79
SS00RY,80
HX30PW,81
BN25BE,82
FY38NR,83
NE236NZ,84
MK65LD,85
PO196SE,86
LA14RP,87
BR68ND,88
CM17ET,89
SP28BJ,90
WV100QP,91
L355DR,92
KT187EG,93
S445BL,94
SE59RW,95
WD180HB,96
TS198PE,97
SW66SX,98
CH21UL,99
SO225DG,100
